Column_Name,Mean,Std_Deviation
live.network.type.dns,38.5,35.64961061276974
live.network.type.http,13.5,19.4949386143929
live.network.type.connection,28.6,15.22947281114035
live.sys_calls.files.modified_count,1033.45,2526.531957884271
live.sys_calls.registry.read,10899.55,18241.700297236835
live.sys_calls.registry.write,158.9,632.1648602432089
live.sys_calls.registry.delete,17.7,52.010221667425505
live.memory.dll_count,418.15,465.36236870908067
live.persistence.suspicious_binaries_count,1.6,5.825533632660886
live.anomaly_detection.cpu.mean,0.10119004001600633,0.10289320721390069
live.anomaly_detection.memory.mean,0.49061078431372557,0.05247210386643611
VirusTotal.malicious,0.25,0.4442616583193193
VirusTotal.detections,4.2,9.827994387676997
live.network.regions.United States,28.95,28.60157338329484
live.network.regions.Netherlands,9.45,5.880162905011534
live.network.regions.Spain,1.95,6.5572378652182985
live.network.regions.Germany,21.2,28.841855550205974
live.network.regions.Switzerland,0.2,0.6155870112510925
live.network.regions.Ireland,6.85,7.102816342831904
live.network.regions.United Kingdom,0.55,1.190974832912761
live.network.regions.Colombia,1.1,2.712543960351999
live.network.regions.Denmark,0.0,0.0
live.network.regions.Slovenia,0.0,0.0
live.network.regions.null,3.2,0.6155870112510924
live.network.regions.France,2.1,7.18111558552232
live.network.regions.Singapore,0.4,1.2732056517228265
live.network.regions.Sweden,0.25,0.7863975156570492
live.network.regions.Australia,0.05,0.22360679774997894
live.network.regions.Brazil,0.25,1.118033988749895
live.network.regions.United Arab Emirates,0.6,2.087557121815378
live.network.regions.Canada,0.85,3.1334359818945683
live.network.regions.China,0.0,0.0
live.network.regions.Czechia,0.0,0.0
live.network.regions.Russia,2.55,9.500554000467
live.network.regions.Finland,0.1,0.44721359549995787
static.ip_addresses.count,8.95,21.544262882677018
static.urls.count,103.0,246.12192100664257
static.dll_strings.count,15.2,16.4975277254694
static.header.imported_functions.count,261.7,535.3666820138571
live.persistence.suspicious_files_count,0.7,1.218281792655455
